{"r": 0.012226865175491685, "alpha": 1.1040562565047616, "a": 0.6529431363134626, "b": 0.4230560687597639}